<environmentvariabledefinition schemaname="alm_Site_URL">
  <apiid>/providers/microsoft.powerapps/apis/shared_sharepointonline</apiid>
  <defaultvalue>https://pl4tt.sharepoint.com/sites/allcompany</defaultvalue>
  <description default="Used for Site reference">
    <label description="Used for Site reference" languagecode="1033" />
  </description>
  <displayname default="Site_URL">
    <label description="Site_URL" languagecode="1033" />
  </displayname>
  <introducedversion>1.0.0.0</introducedversion>
  <iscustomizable>1</iscustomizable>
  <isrequired>0</isrequired>
  <parameterkey>dataset</parameterkey>
  <secretstore>0</secretstore>
  <type>100000004</type>
</environmentvariabledefinition>